Numbers used in the tool,,,,,,,
,,,,,,,
Global climate regulation - Carbon sequestration in biomass,,,,,,,
,,,,,,,
Name location,Lakes and large ponds2,,,,,,
,,,,,,,
Carbon,Low,100,High,366,Euro/tonne,,
Harvest factor public managed forest,70,%,,,,,
Harvest factor private managed forest,60,%,,,,,
,,,,,,,
Formulas,Example in manual,,,,,,
,"When clicking the link above does not work, please copy the following URL to your browser.",,,,,,
,http://download/manual/manual_en.html#csequestrationbiomass_ex,,,,,,